contract,clause_text,label,predicted_label,confidence
ACCELERATEDTECHNOLOGIESHOLDINGCORP_04_24_2003-EX-10.13-JOINT VENTURE AGREEMENT,"The Joint Venture shall commence on the 1st of March, 2003, and shall be effective until February 28, 2004 unless extended by written agreement of the Joint Venturers not less than thirty (30) days prior to scheduled termination.",Expiration Date,Notice Period To Terminate Renewal,0.9422692060470581
AMERICANPHYSICIANSCAPITALINC_03_31_2003-EX-10.26-AGENCY AGREEMENT,Commission will decrease by .5% effective 10/1/99 as part of a repayment program under a project memorandum dated 4/7/99.,Revenue/Profit Sharing,Price Restrictions,0.9893741011619568
AMERICANPHYSICIANSCAPITALINC_03_31_2003-EX-10.26-AGENCY AGREEMENT,In return for the exclusive appointment of Agency by MICOA to sell its professional liability products listed on the,Non-Compete,Exclusivity,0.9793373346328735
AMERICANPHYSICIANSCAPITALINC_03_31_2003-EX-10.26-AGENCY AGREEMENT,"In return for this payment, for a two-year period following the termination date, Agency will not directly or indirectly sell any professional liability insurance to any individuals or entities who were MICOA insureds in Nevada at the time of termination of this Agreement.",No-Solicit Of Customers,Insurance,0.9396392703056335
"ASHWORTHINC_01_29_1999-EX-10.(D)-PROMOTION AGREEMENT AND NANTZ COMMUNICATIONS, INC.","During the Term, neither Nantz Communications nor Nantz shall enter into any activity, employment, independent contract, or other business arrangement which conflicts with Nantz Communications' or Nantz's obligations under this Agreement or perform any service which reasonably appears to be an endorsement of the sportswear apparel, hats and shoes of a third party without the Company's prior written approval.",Exclusivity,Non-Compete,0.9542421102523804
"ASHWORTHINC_01_29_1999-EX-10.(D)-PROMOTION AGREEMENT AND NANTZ COMMUNICATIONS, INC.","Except as otherwise provided herein, and subject to the Restrictions, Nantz Communications agrees that such Products may prominently bear the Company's logo and shall not bear any other logos.",Exclusivity,License Grant,0.9392528533935547
"ASHWORTHINC_01_29_1999-EX-10.(D)-PROMOTION AGREEMENT AND NANTZ COMMUNICATIONS, INC.",The Company acknowledges that Nantz Communications' and Nantz's obligations to CBS or any other television station or network with which Nantz Communications or Nantz has a contract or arrangement shall take precedence over any other commitments of Nantz Communications or Nantz under this Agreement.,Most Favored Nation,Competitive Restriction Exception,0.45362138748168945
AgapeAtpCorp_20191202_10-KA_EX-10.1_11911128_EX-10.1_Supply Agreement,"The Manufacturer agrees that the Customer has the right under this agreement to consider, source, promote, market and sell other product outside of the products listed in Schedule A of this agreement in line with the following assumptions: That they are non-competing products to the range of products or those products listed in schedule A of this agreement.",Non-Compete,Competitive Restriction Exception,0.8253752589225769
AgapeAtpCorp_20191202_10-KA_EX-10.1_11911128_EX-10.1_Supply Agreement,"The Manufacturer covenants not to sell any product listed in this agreement, or product name (as listed in schedule A of this agreement) to any other party without prior written consent of the Customer.",Exclusivity,Anti-Assignment,0.6114795804023743
AgapeAtpCorp_20191202_10-KA_EX-10.1_11911128_EX-10.1_Supply Agreement,The Manufacturer grants exclusive rights to the Customer for the term of ten (10) years from the date of the signing of this agreement and for an indefinite period upon the customer fulfilling the minimum annual purchase requirement as listed in Schedule B. of this agreement.,Competitive Restriction Exception,Exclusivity,0.9067847728729248
AgapeAtpCorp_20191202_10-KA_EX-10.1_11911128_EX-10.1_Supply Agreement,"The Manufacturer has appointed the Customer the copyright holder of both the English and the Chinese version of the book How to achieve Super Health beyond 2000 - Advanced Edition, authored by Frank D.P. Ellis and Dr. Michael Tait M.D.",Ip Ownership Assignment,License Grant,0.8079255819320679
ArmstrongFlooringInc_20190107_8-K_EX-10.2_11471795_EX-10.2_Intellectual Property Agreement,"Subject to the terms and conditions of this Agreement, Arizona hereby grants to the Company a perpetual, non- exclusive, royalty-free license in, to and under the Arizona Licensed Copyrights for use in the Company Field throughout the world.",Affiliate License-Licensor,Irrevocable Or Perpetual License,0.9663898348808289
ArmstrongFlooringInc_20190107_8-K_EX-10.2_11471795_EX-10.2_Intellectual Property Agreement,"Subject to the terms and conditions of this Agreement, Arizona hereby grants to the Company a perpetual, non- exclusive, royalty-free license in, to and under the Arizona Licensed Know-How for use in the Company Field throughout the world.",Affiliate License-Licensor,Irrevocable Or Perpetual License,0.9636484384536743
ArmstrongFlooringInc_20190107_8-K_EX-10.2_11471795_EX-10.2_Intellectual Property Agreement,"Subject to the terms and conditions of this Agreement, Arizona hereby grants to the Company a perpetual, non-exclusive, royalty-free license in, to and under the Arizona Licensed Patents for use in the Company Field throughout the world.",Affiliate License-Licensor,Irrevocable Or Perpetual License,0.9657007455825806
ArmstrongFlooringInc_20190107_8-K_EX-10.2_11471795_EX-10.2_Intellectual Property Agreement,"Subject to the terms and conditions of this Agreement, the Company hereby grants to Seller a perpetual, non- exclusive, royalty-free license in, to and under the Company Licensed Copyrights for use in the Arizona Field throughout the world.",Affiliate License-Licensor,Irrevocable Or Perpetual License,0.9659653306007385
ArmstrongFlooringInc_20190107_8-K_EX-10.2_11471795_EX-10.2_Intellectual Property Agreement,"Subject to the terms and conditions of this Agreement, the Company hereby grants to Seller a perpetual, non- exclusive, royalty-free license in, to and under the Company Licensed Know-How for use in the Arizona Field throughout the world.",Affiliate License-Licensor,Irrevocable Or Perpetual License,0.9646257162094116
"BABCOCK_WILCOXENTERPRISES,INC_08_04_2015-EX-10.17-INTELLECTUAL PROPERTY AGREEMENT between THE BABCOCK _ WILCOX COMPANY and BABCOCK _ WILCOX ENTERPRISES, INC.","Accordingly, (i) with respect to RemainCo's right and interest in and to the Foundational Software, RemainCo, for itself and as representative of all other members of the RemainCo Group, hereby grants to SpinCo (x) a perpetual, irrevocable, exclusive, royalty-free, worldwide right and license to use the Foundational Software, including any Intellectual Property embodied therein, for the continued operation of the SpinCo Business and any future extensions of the SpinCo Business in the SpinCo Core Field and (y) a perpetual, irrevocable, non-exclusive, royalty-free, worldwide right and license to use the Foundational Software, including any Intellectual Property embodied therein, for the continued operation of the SpinCo Business and any future extensions of the SpinCo Business in any field other than the SpinCo Core Field or the RemainCo Core Field; and (ii) with respect to SpinCo's right and interest in and to the Foundational Software, SpinCo, for itself and as representative of all other members",Irrevocable Or Perpetual License,Affiliate License-Licensor,0.49417153000831604
"BABCOCK_WILCOXENTERPRISES,INC_08_04_2015-EX-10.17-INTELLECTUAL PROPERTY AGREEMENT between THE BABCOCK _ WILCOX COMPANY and BABCOCK _ WILCOX ENTERPRISES, INC.","Accordingly, (i) with respect to RemainCo's right and interest in and to the Shared Library Materials, RemainCo, for itself and as representative of all other members of the RemainCo Group, hereby grants to SpinCo (x) a perpetual (subject to Section 4.4), irrevocable, exclusive, royalty-free, worldwide right and license with the right to grant sublicenses (solely as set forth in Section 5.6) to use the Shared Library Materials, including all Know-How and Copyrights embodied therein, for any purpose in the SpinCo Core Field and (y) a perpetual (subject to Section 4.4), irrevocable, non-exclusive, royalty-free, worldwide right and license with the right to grant sublicenses (solely as set forth in Section 5.6) to use the Shared Library Materials, including all Know-How and Copyrights embodied therein, for any purpose in any field other than the RemainCo Core Field or the SpinCo Core Field and (ii) with respect to SpinCo's right and interest in and to the Shared Library Materials, SpinCo, for itself and as representative of all other members of the SpinCo Group, hereby grants to RemainCo (x) a perpetual (subject to Section 4.4), irrevocable, exclusive, royalty-free, worldwide right and license with the right to grant sublicenses (solely as set forth in Section 5.6) to use the Shared Library Materials, including all Know-How and Copyrights embodied therein, for any purpose in the RemainCo Core Field and (y) a perpetual (subject to Section 4.4), irrevocable, non- exclusive, royalty-free, worldwide right and license with the right to grant sublicenses (solely as set forth in Section 5.6) to use the Shared Library Materials, including all Know-How and Copyrights embodied therein, for any purpose in any field other than the SpinCo Core Field or the RemainCo Core Field.",Affiliate License-Licensor,Irrevocable Or Perpetual License,0.5478053092956543
"BABCOCK_WILCOXENTERPRISES,INC_08_04_2015-EX-10.17-INTELLECTUAL PROPERTY AGREEMENT between THE BABCOCK _ WILCOX COMPANY and BABCOCK _ WILCOX ENTERPRISES, INC.","June 26, 2015",Effective Date,Agreement Date,0.5490379929542542
"BABCOCK_WILCOXENTERPRISES,INC_08_04_2015-EX-10.17-INTELLECTUAL PROPERTY AGREEMENT between THE BABCOCK _ WILCOX COMPANY and BABCOCK _ WILCOX ENTERPRISES, INC.","RemainCo (i) shall not use or exploit the Licensed RemainCo Intellectual Property in the SpinCo Core Field and (ii) shall not, and shall not permit any member of the RemainCo Group to, license, provide or otherwise grant to any Third Party the right to use, exploit or access any Licensed RemainCo Intellectual Property in the SpinCo Core Field.",License Grant,Affiliate License-Licensor,0.3596399128437042
"BABCOCK_WILCOXENTERPRISES,INC_08_04_2015-EX-10.17-INTELLECTUAL PROPERTY AGREEMENT between THE BABCOCK _ WILCOX COMPANY and BABCOCK _ WILCOX ENTERPRISES, INC.",RemainCo shall have the right to use the SpinCo House Marks in connection with the operation of the RemainCo Business for a limited period of 270 days following the Distribution Date.,License Grant,Post-Termination Services,0.8433011174201965
"BABCOCK_WILCOXENTERPRISES,INC_08_04_2015-EX-10.17-INTELLECTUAL PROPERTY AGREEMENT between THE BABCOCK _ WILCOX COMPANY and BABCOCK _ WILCOX ENTERPRISES, INC.","RemainCo shall have, and SpinCo hereby grants to RemainCo, an unlimited, non-exclusive, perpetual, irrevocable, royalty free, worldwide right and license to use the content contained in the Steam Book, including the current edition and any past edition and any future edition to which RemainCo makes a contribution, for any purpose, including, without limitation, to reproduce, publicly display, modify, make derivative works, distribute, publicly perform and distribute for RemainCo's internal business purposes, including in connection with customer related activities, provided, however, that RemainCo shall (i) not use any non-nuclear content contained in the Steam Book in connection with publishing or distributing a publication which competes with the Steam Book and (ii) provide attribution and accreditation using a copyright notice having the format required by law in connection with the use of any protectable expression of the non-nuclear content contained in the Steam Book",Irrevocable Or Perpetual License,Unlimited/All-You-Can-Eat-License,0.7565645575523376
"BABCOCK_WILCOXENTERPRISES,INC_08_04_2015-EX-10.17-INTELLECTUAL PROPERTY AGREEMENT between THE BABCOCK _ WILCOX COMPANY and BABCOCK _ WILCOX ENTERPRISES, INC.","SpinCo (i) shall not use or exploit the Licensed SpinCo Intellectual Property in the RemainCo Core Field and (ii) shall not, and shall not permit any member of the SpinCo Group to, license, provide or otherwise grant to any Third Party the right to use, exploit or access any Licensed SpinCo Intellectual Property in the RemainCo Core Field.",License Grant,Affiliate License-Licensor,0.6883041858673096
"BABCOCK_WILCOXENTERPRISES,INC_08_04_2015-EX-10.17-INTELLECTUAL PROPERTY AGREEMENT between THE BABCOCK _ WILCOX COMPANY and BABCOCK _ WILCOX ENTERPRISES, INC.","SpinCo and RemainCo agree and acknowledge that, although RemainCo was responsible for publishing the current forty-second (42nd) edition of the Steam Book, as of the Distribution Date, all rights, responsibilities, duties and obligations related to the publication, distribution and sale of this edition shall be transferred to SpinCo.",Ip Ownership Assignment,Post-Termination Services,0.9591368436813354
"BABCOCK_WILCOXENTERPRISES,INC_08_04_2015-EX-10.17-INTELLECTUAL PROPERTY AGREEMENT between THE BABCOCK _ WILCOX COMPANY and BABCOCK _ WILCOX ENTERPRISES, INC.","The foregoing right of first refusal shall cease in the event of a Change of Control of either RemainCo or SpinCo, provided, however, that the Parties will discuss the feasibility of future collaboration, specifically related to the contribution of nuclear related subject matter by RemainCo, in good faith in the event of a Change of Control.",Change Of Control,Rofr/Rofo/Rofn,0.8418651819229126
"BABCOCK_WILCOXENTERPRISES,INC_08_04_2015-EX-10.17-INTELLECTUAL PROPERTY AGREEMENT between THE BABCOCK _ WILCOX COMPANY and BABCOCK _ WILCOX ENTERPRISES, INC.","of the SpinCo Group, hereby grants to RemainCo (x) a perpetual, irrevocable, exclusive, royalty-free, worldwide right and license to use the Foundational Software, including any Intellectual Property embodied therein, for the continued operation of the RemainCo Business and any future extensions of the RemainCo Business in the RemainCo Core Field and (y) a perpetual, irrevocable, non-exclusive, royalty-free, worldwide right and license to use the Foundational Software, including any Intellectual Property embodied therein, for the continued operation of the RemainCo Business and any future extensions of the RemainCo Business in any field other than the SpinCo Core Field or the RemainCo Core Field.",License Grant,Irrevocable Or Perpetual License,0.7806420922279358
BIOAMBERINC_04_10_2013-EX-10.34-DEVELOPMENT AGREEMENT - First Amendment,"July 5, 2011",Effective Date,Agreement Date,0.5311052799224854
"BLUEHILLSBANCORP,INC_05_20_2014-EX-1.1-AGENCY AGREEMENT","May 14, 2014",Effective Date,Agreement Date,0.5775651931762695
BUFFALOWILDWINGSINC_06_05_1998-EX-10.3-FRANCHISE AGREEMENT,"B. Upon our demand, you will assign to us your interest in any lease then in effect for the Franchised Restaurant premises.",Post-Termination Services,Ip Ownership Assignment,0.9140034914016724
BUFFALOWILDWINGSINC_06_05_1998-EX-10.3-FRANCHISE AGREEMENT,"If you propose to offer for sale at the Franchised Restaurant any brand of product, or to use in the operation of the Franchised Restaurant any brand of food ingredient or other material or supply which is not then approved by us as meeting its minimum specifications and quality standards, or to purchase any product from a supplier that is not then designated by us as an approved supplier, you must first notify us and shall upon our request submit samples and such other information as we require for examination and/or testing or to otherwise determine whether such product, material or supply, or such proposed supplier meets its specifications and quality standards.",Exclusivity,Rofr/Rofo/Rofn,0.40253981947898865
BUFFALOWILDWINGSINC_06_05_1998-EX-10.3-FRANCHISE AGREEMENT,"In the event of your death or incapacity, or the death or incapacity of any partner, any shareholder owning fifty percent (50%) or more of your capital stock, or any Member who owns a majority interest in a limited liability company, the heirs, beneficiaries, devisees, or legal representatives of said individual, partner or shareholders shall, within one hundred eighty (180) days of such event: 1. Apply to us for the right to continue to operate the franchise for the duration of the term of this Agreement and any renewals hereof, which right shall be granted upon the fulfillment of all of the conditions set forth in Paragraph XVIII. of this Agreement (except that no transfer fee shall be required); or 2. Sell, assign, transfer, or convey your interest in compliance with the provisions of Paragraphs XVIII and XX of this Agreement; provided, however, in the event a proper and timely application for the right to continue to operate has been made and rejected, the one hundred eighty (180) days to sell, assign, transfer or convey shall be computed from the date of said rejection. For purposes of this Paragraph, our silence on an application made pursuant to Paragraph XIX.A.1. through the one hundred and eighty (180) days following the event of death or incapacity shall be deemed a rejection made on the last day of such period.",Change Of Control,Post-Termination Services,0.6784325242042542
BUFFALOWILDWINGSINC_06_05_1998-EX-10.3-FRANCHISE AGREEMENT,"K. We will have the right (but not the duty), to be exercised by notice of intent to do so within sixty (60) days after termination or expiration, to purchase for cash any or all assets of the Franchised Restaurant, including leasehold improvements, equipment, supplies, and other inventory, advertising materials, and all items bearing the Marks, at your cost or fair market value, whichever is less.",Post-Termination Services,Rofr/Rofo/Rofn,0.8618150949478149
BUFFALOWILDWINGSINC_06_05_1998-EX-10.3-FRANCHISE AGREEMENT,We reserve the right to market and sell Menu Items and Trade Secret Food Products on the Internet/World Wide Web.,Competitive Restriction Exception,License Grant,0.9526857137680054
BUFFALOWILDWINGSINC_06_05_1998-EX-10.3-FRANCHISE AGREEMENT,We shall have no obligation to enforce similar covenants against any other System franchisee.,Competitive Restriction Exception,Covenant Not To Sue,0.23492874205112457
BUFFALOWILDWINGSINC_06_05_1998-EX-10.3-FRANCHISE AGREEMENT,"You (and your shareholders, partners and members) will not directly or indirectly make a Transfer without our prior written consent.",Anti-Assignment,Change Of Control,0.7770091891288757
BUFFALOWILDWINGSINC_06_05_1998-EX-10.3-FRANCHISE AGREEMENT,"You covenant that during the term of this Agreement, except as otherwise approved in writing by us, you will not, either directly or indirectly, for yourself, or through, on behalf of, or in conjunction with any person, persons, partnership, corporation or company:",No-Solicit Of Employees,No-Solicit Of Customers,0.9764599204063416
BUFFALOWILDWINGSINC_06_05_1998-EX-10.3-FRANCHISE AGREEMENT,You pay us a nonrefundable Initial Franchise Fee of ________________ _______________________ Dollars ($________) which is payable in full on the date of this Agreement.,Liquidated Damages,Revenue/Profit Sharing,0.6850939393043518
BUFFALOWILDWINGSINC_06_05_1998-EX-10.3-FRANCHISE AGREEMENT,You receive a Designated Area within which we and our affiliates shall not operate or grant to anyone else a franchise to operate a Buffalo Wild Wings or bw-3 Restaurant so long as this Agreement is in force and effect.,Exclusivity,Non-Compete,0.5377696752548218
BUFFALOWILDWINGSINC_06_05_1998-EX-10.3-FRANCHISE AGREEMENT,You shall not offer for sale any Menu Items or Proprietary Products by means of Internet/World Wide Web programming or advertising.,Non-Compete,Exclusivity,0.5943976640701294
BUFFALOWILDWINGSINC_06_05_1998-EX-10.3-FRANCHISE AGREEMENT,"You specifically acknowledge that our designated representative may take over, control, and operate the Franchised Restaurant, and that you will pay us a service fee of not less than TWO HUNDRED Dollars ($200) per day plus all travel expenses, room and board and other expenses reasonably incurred by such representative so long as it shall be required by the representative to enforce compliance herewith.",Liquidated Damages,Minimum Commitment,0.8320479989051819
BUFFALOWILDWINGSINC_06_05_1998-EX-10.3-FRANCHISE AGREEMENT,"You will take such action as may be necessary to cancel or assign to us or our designee, at our option, any assumed name rights or equivalent registration filed with state, city, or county authorities which contains the name ""Buffalo Wild Wings,"" ""bw-3"" or any Mark, and you will furnish us with evidence satisfactory to us of compliance with this obligation within thirty (30) days after termination or expiration of this Agreement.",Ip Ownership Assignment,Post-Termination Services,0.6515825390815735
BUFFALOWILDWINGSINC_06_05_1998-EX-10.3-FRANCHISE AGREEMENT,"non-food products, beverages, and other items, products, delivery vehicles, products and supplies for test of content and evaluation purposes to make certain that the Menu Items, ingredients, food and non-food products, beverages and other items, products, delivery vehicles, materials and supplies are satisfactory and meet our quality control provisions and performance standards.",Audit Rights,Other,0.6200172305107117
BizzingoInc_20120322_8-K_EX-10.17_7504499_EX-10.17_Endorsement Agreement,"It being understood and agreed that Bizzingo shall have the right to exhibit commercials, infomercials, advertisements and otherwise make use of all Property on a worldwide basis and that Bizzingo and its affiliates shall be the sole owner of all commercials, promotional materials and other items produced or created hereunder and all related rights worldwide, including, without limitation, copyright, trademark and intellectual property rights, subject however to the terms and conditions herein.",License Grant,Ip Ownership Assignment,0.7701894640922546
BizzingoInc_20120322_8-K_EX-10.17_7504499_EX-10.17_Endorsement Agreement,"Notwithstanding the foregoing, during the term and for a period of one (1) year thereafter, Theismann shall not use, permit the use of, or license to others the Property in connection with the advertisement, promotion, and sale of any network or Internet service, including but limited to all computer/video games, CD-ROMs, and/or interactive video of any form, except for a pre-existing license by Theismann.",Exclusivity,License Grant,0.7721865177154541
BizzingoInc_20120322_8-K_EX-10.17_7504499_EX-10.17_Endorsement Agreement,"Subject to the terms and conditions set forth herein, Theismann hereby grants to Bizzingo and its affiliates the unlimited right and privilege during the Term (as defined herein) and within the Territory to use the Property (as defined herein) in connection with the advertisement, promotion, and sale of the Network in the Territory whether through film, television, radio, print and Internet media, including the right to use the Property in or on the Network",Affiliate License-Licensee,Unlimited/All-You-Can-Eat-License,0.9695740342140198
BizzingoInc_20120322_8-K_EX-10.17_7504499_EX-10.17_Endorsement Agreement,"Theismann represents and warrants that, except as otherwise disclosed herein, he has not granted nor will he grant during the Term and for a period of one (1) year thereafter to any other party any right, permission, or license to use the Property in connection with the advertisement, sale, or promotion of the Network or in connection with networks that are identical or substantially similar to the Network.",Exclusivity,Non-Compete,0.8987939953804016
BizzingoInc_20120322_8-K_EX-10.17_7504499_EX-10.17_Endorsement Agreement,"Unless sooner terminated under the provisions hereof, this Agreement shall commence on the Effective Date and continue for a period of one (1) year (""Term""). provided however, that the Parties may extend the Term for an additional year period by entering into an written addendum of the Agreement extending such term.",Renewal Term,Expiration Date,0.8137605786323547
BravatekSolutionsInc_20170418_8-K_EX-10.1_10205739_EX-10.1_Reseller Agreement,"7th day of April, 2017",Effective Date,Agreement Date,0.5144756436347961
BravatekSolutionsInc_20170418_8-K_EX-10.1_10205739_EX-10.1_Reseller Agreement,"During the Term hereof and for a period of six (6) months following the termination of this Agreement or the discontinuation of any of the Company Products, (i) the Reseller shall have the exclusive right to commission for any Registered Referrals, (ii) the Company shall not market, promote, sell, or distribute Company Products or solicit or procure orders for the Company Products, or for any product(s) or service(s) similar to the Company Products, in the Territory other than through the Reseller and pursuant to this Agreement, except with the prior written consent of the Reseller, and (iii) without limitation to the foregoing, the Company shall not, directly or through other parties (whether agents, representatives, intermediaries, resellers or other parties), market, promote, sell, distribute, solicit or procure orders to any existing or prospective customer of the Reseller.",Exclusivity,No-Solicit Of Customers,0.9807297587394714
CHANGEPOINTCORP_03_08_2000-EX-10.6-LICENSE AND HOSTING AGREEMENT,"(c) Customer's exclusive remedy and Changepoint's sole obligation with respect to the breach of any of the foregoing warranties is for Changepoint to (i) make commercially reasonable efforts to correct or provide Customer with a workaround for the failure of the Licensed Software to conform substantially to the description thereof in the Documentation or to comply with the Y2K Warranty, as the case may be, or, at Changepoint's sole option, provide Customer with a refund for the License Fees paid with respect to such Licensed Software, and (ii) provide Customer with replacement media in the event there are defects in materials or workmanship in the media upon which the Licensed Software and Documentation are provided if the media is returned to Changepoint within the Warranty Period.",Cap On Liability,Other,0.8869810104370117
CHANGEPOINTCORP_03_08_2000-EX-10.6-LICENSE AND HOSTING AGREEMENT,"ACTION FIRST ARISING, EVEN IF IT IS A CONTINUOUS ONE, OR IN THE AGGREGATE, WITH RESPECT OF ALL CLAIMS ARISING OUT OF OR RELATED TO THIS AGREEMENT, THE TOTAL AMOUNT ACTUALLY PAID BY CORIO UNDER THIS AGREEMENT TO CHANGEPOINT.",Uncapped Liability,Cap On Liability,0.9763436317443848
CHANGEPOINTCORP_03_08_2000-EX-10.6-LICENSE AND HOSTING AGREEMENT,"Changepoint grants to Corio a nonexclusive, nontransferable (except in",License Grant,Non-Transferable License,0.9731699228286743
CHANGEPOINTCORP_03_08_2000-EX-10.6-LICENSE AND HOSTING AGREEMENT,"Changepoint will replace any defective media returned to Changepoint during the Warranty Period. In the event any such breach of warranty can not be reasonably corrected at Changepoint's sole expense, Corio has the right to terminate this Agreement and receive a",Cap On Liability,Warranty Duration,0.9903479814529419
CHANGEPOINTCORP_03_08_2000-EX-10.6-LICENSE AND HOSTING AGREEMENT,"December 13, 1999",Effective Date,Agreement Date,0.5594358444213867
CHANGEPOINTCORP_03_08_2000-EX-10.6-LICENSE AND HOSTING AGREEMENT,"FOR ANY BREACH OR DEFAULT BY CHANGEPOINT OF ANY OF THE PROVISIONS OF THIS AGREEMENT, OR WITH RESPECT TO ANY CLAIM ARISING HEREFROM OR RELATED HERETO, EXCEPT FOR ANY CLAIM FOR BREACH OF SECTION 5.2 (UNAUTHORIZED DISCLOSURE OF CONFIDENTIAL INFORMATION), OR FOR BREACH OF SECTION 6.4(A) (INTELLECTUAL PROPERTY INDEMNITY), CHANGEPOINT'S ENTIRE LIABILITY, REGARDLESS OF THE FORM OF ACTION, WHETHER BASED ON CONTRACT OR TORT, INCLUDING 32 NEGLIGENCE, SHALL IN NO EVENT EXCEED (I) THE AMOUNT PAID BY CUSTOMER HEREUNDER FOR THE LICENSED MATERIALS, (II) THE AMOUNT PAID BY CUSTOMER FOR THE MAINTENANCE SERVICE THAT IS THE SUBJECT OF THE CLAIM IF THE CLAIM RELATES TO A BREACH OR DEFAULT BY CHANGEPOINT OF THE PROVISIONS OF ARTICLE 7, (III) THE AMOUNT PAID BY CUSTOMER FOR THE INSTALLATION SERVICE THAT IS THE SUBJECT OF THE CLAIM IF THE CLAIM RELATES TO A BREACH OR DEFAULT BY CHANGEPOINT OF THE PROVISIONS OF THIS AGREEMENT PERTAINING TO INSTALLATION SERVICE, OR (IV) IN THE AGGREGATE WITH RESPECT TO ALL CLAIMS UNDER OR RELATED TO THIS AGREEMENT, THE AMOUNT PAID BY CUSTOMER UNDER THIS AGREEMENT.",Cap On Liability,Uncapped Liability,0.9543209671974182
CHANGEPOINTCORP_03_08_2000-EX-10.6-LICENSE AND HOSTING AGREEMENT,"Should the Licensed Materials or any of them become, or in Changepoint's sole opinion be likely to become, the subject of a claim of infringement, misappropriation, or violation of an Intellectual Property Right (an ""Infringement Claim"") Changepoint may (i) procure for Customer, at no cost to Customer the right to continue to use the Licensed Materials which are the subject of the Infringement Claim (ii) replace or modify the Licensed Materials or part thereof subject to such Infringement Claim with software or documentation of at least comparable functionality, at no cost to Customer, or (iii) if neither of the forgoing alternatives are reasonably practical in Changepoint's sole judgement, remove the component that is the subject of the Infringement Claim or any or all other parts of the Licensed Materials and refund to Customer the License Fees paid by Customer for the part removed as depreciated on a straight line five (5) year basis from the date of delivery of the part to Customer.",Cap On Liability,Post-Termination Services,0.9284770488739014
CHANGEPOINTCORP_03_08_2000-EX-10.6-LICENSE AND HOSTING AGREEMENT,"Software Support and Maintenance shall automatically continue during the term of this Agreement and thereafter for the remaining term of any contracts Corio has with its Customers to continue providing the Corio Services, provided that Corio continues to pay the revenue sharing fees as provided in EXHIBIT B hereto.",Revenue/Profit Sharing,Post-Termination Services,0.8861170411109924
CHANGEPOINTCORP_03_08_2000-EX-10.6-LICENSE AND HOSTING AGREEMENT,"Subject to the terms and conditions of this Agreement, Changepoint hereby grants to Corio a fee-bearing, irrevocable, nonexclusive, nontransferable (except in accordance with Section 14.1 of this Agreement) license in the Territory to (i) reproduce the Software in machine executable object code format only for installation on the Corio Servers; (ii) install multiple copies of the Software on Corio's Servers which will be made remotely accessible to Corio's Customers for their internal business purposes, (iii) permit limited access to and use of the Software by Customers through Corio Servers solely for such Customer's internal business purposes; (iv) sublicense an unlimited number of Customers to access and use the Software only through the installation on Corio Servers solely for such Customer's internal business purposes; and (v) use Changepoint's tools and utilities, if any, subject to any restrictions placed on the Changepoint by third party software providers and payment of any applicable fees required by such third parties, to configure, integrate and manage the Software.",Unlimited/All-You-Can-Eat-License,Irrevocable Or Perpetual License,0.9167085289955139
CHANGEPOINTCORP_03_08_2000-EX-10.6-LICENSE AND HOSTING AGREEMENT,"Subject to the terms and conditions of this Agreement, Changepoint hereby grants to Corio a fee-bearing, irrevocable, nonexclusive, nontransferable (except in accordance with Section 14.1 of this Agreement) license in the Territory to (i) reproduce the Software in machine executable object code format only for installation on the Corio Servers; (ii) install multiple copies of the Software on Corio's Servers which will be made remotely accessible to Corio's Customers for their internal business purposes, (iii) permit limited access to and use of the Software by Customers through Corio Servers solely for such Customer's internal business purposes; (iv) sublicense an unlimited number of Customers to access and use the Software only through the installation on Corio Servers solely for such Customer's internal business purposes; and (v) use Changepoint's tools and utilities, if any, subject to any restrictions placed on the Changepoint by third party software providers and payment of any applicable fees required by such third parties, to configure, integrate and manage the Software. Corio shall not authorize Customers to download or reproduce the Software for use except as necessary in connection with the Corio Services.",License Grant,Irrevocable Or Perpetual License,0.910900354385376
CHANGEPOINTCORP_03_08_2000-EX-10.6-LICENSE AND HOSTING AGREEMENT,This,Source Code Escrow,Agreement Date,0.48025035858154297
CHANGEPOINTCORP_03_08_2000-EX-10.6-LICENSE AND HOSTING AGREEMENT,This Agreement shall be effective on the Effective Date and shall terminate in accordance with this Article.,Effective Date,Expiration Date,0.935931384563446
CHANGEPOINTCORP_03_08_2000-EX-10.6-LICENSE AND HOSTING AGREEMENT,"Upon the release of the Source Code to Corio pursuant to Section 12.2 of this Agreement, Corio shall have a royalty-free, nonexclusive, nontransferable, right and license at its head office to use and modify the Source Code to support and maintain the Software until the expiration or termination of Corio's Customers' License Agreements for the Corio Services.",Non-Transferable License,Source Code Escrow,0.9914643168449402
"CURAEGISTECHNOLOGIES,INC_05_26_2010-EX-1-CORPORATE SPONSORSHIP AGREEMENT","May 18, 2010",Effective Date,Agreement Date,0.5405333638191223
"CURAEGISTECHNOLOGIES,INC_05_26_2010-EX-1-CORPORATE SPONSORSHIP AGREEMENT",not be unreasonably withheld.,Anti-Assignment,Other,0.41391053795814514
ClickstreamCorp_20200330_1-A_EX1A-6 MAT CTRCT_12089935_EX1A-6 MAT CTRCT_Development Agreement,"March 20, 2020",Effective Date,Agreement Date,0.5351245999336243
"DUOSTECHNOLOGIESGROUP,INC_04_21_2009-EX-10.1-STRATEGIC ALLIANCE AGREEMENT","15 April, 2009",Effective Date,Agreement Date,0.5420099496841431
"DUOSTECHNOLOGIESGROUP,INC_04_21_2009-EX-10.1-STRATEGIC ALLIANCE AGREEMENT","EXCEPT IN CONNECTION WITH A BREACH BY EITHER PARTY OF SECTION 8, NEITHER PARTY WILL BE LIABLE FOR ANY SPECIAL, INDIRECT, CONSEQUENTIAL, EXEMPLARY, PUNITIVE OR INCIDENTAL DAMAGES ARISING OUT OF OR RELATED TO THIS AGREEMENT, HOWEVER CAUSED AND UNDER ANY THEORY OF LIABILITY (INCLUDING NEGLIGENCE), EVEN IF SUCH PARTY HAS BEEN ADVISED OF THE POSSIBILITY OF SUCH DAMAGES",Cap On Liability,Uncapped Liability,0.9814152121543884
"DUOSTECHNOLOGIESGROUP,INC_04_21_2009-EX-10.1-STRATEGIC ALLIANCE AGREEMENT","In the event that ISA wishes to carry out any software development work of any nature during the Non-Competition Period, it will notify Rubicon of the same and allow Rubicon the opportunity to pitch for such work.",Competitive Restriction Exception,Non-Compete,0.9408714175224304
"DUOSTECHNOLOGIESGROUP,INC_04_21_2009-EX-10.1-STRATEGIC ALLIANCE AGREEMENT","Rubicon hereby grants to ISA during the Term (as defined below) and subject to the exclusions described in 2.4 below an exclusive, non-transferable license in the United States to market, sell, use, display, perform, sublicense and distribute the Rubicon Offerings, the Documentation and, subject to Section 2.2, any upgrades thereto, subject to the conditions set forth in this Agreement",Exclusivity,Non-Transferable License,0.9736725687980652
"DUOSTECHNOLOGIESGROUP,INC_04_21_2009-EX-10.1-STRATEGIC ALLIANCE AGREEMENT","Works means, collectively, any work product (of any type), software, developments, processes, improvements, and all works of authorship, in whole or in part, whether patentable or not and whether copyrightable or not created as services provided directly to ISA or on behalf of ISA by Rubicon, which (i) are conceived or made by Rubicon, its employees, contractors, consultants or agents during the Term and relate directly to the business in which ISA and Rubicon(during the Term by ISA) are, had been or were proposing to be engaged in; or (ii) are conceived or made by Rubicon, its employees, contractors, consultants or agents during or after the Term and are made through the use of any ISA Confidential Information, or which result from any work performed by Rubicon, its employees, contractors, consultants or agents for ISA.",Ip Ownership Assignment,Affiliate License-Licensor,0.7327342629432678
ENTERTAINMENTGAMINGASIAINC_02_15_2005-EX-10.5-DISTRIBUTOR AGREEMENT,"In exchange for the marketing and selling of the Products provided in Section 3, Vendor hereby agrees:",Non-Compete,Other,0.3329533636569977
ENTERTAINMENTGAMINGASIAINC_02_15_2005-EX-10.5-DISTRIBUTOR AGREEMENT,"In the event of the termination of this Agreement for any reason whatsoever, the exclusive distribution right and license granted to Distributor pursuant to this Agreement shall automatically revert to Vendor as Vendor's sole property.",License Grant,Ip Ownership Assignment,0.9874098896980286
ENTERTAINMENTGAMINGASIAINC_02_15_2005-EX-10.5-DISTRIBUTOR AGREEMENT,"In the event that this Agreement is terminated pursuant to either Section 1.1.4 or 1.1.5 of this Agreement, this shall not of itself be deemed a breach hereof but Distributor shall have the right to receive monthly compensation from Vendor, or successor to the Vendor, representing the amount of profit to Distributor lost as a result of the termination (the ""Monthly Compensation"").",Post-Termination Services,Liquidated Damages,0.985824465751648
ENTERTAINMENTGAMINGASIAINC_02_15_2005-EX-10.5-DISTRIBUTOR AGREEMENT,"January 21, 2005",Effective Date,Agreement Date,0.5619810819625854
ENTERTAINMENTGAMINGASIAINC_02_15_2005-EX-10.5-DISTRIBUTOR AGREEMENT,"This Agreement may be terminated subject to the following clauses: 1.1.1. By either Vendor or Distributor, upon written notice of termination of this Agreement no later than ninety (90) calendar days prior to the expiration of the relevant Term, then in effect;",Termination For Convenience,Notice Period To Terminate Renewal,0.8776355385780334
ENTRUSTINC_07_24_1998-EX-10.5-STRATEGIC ALLIANCE AGREEMENT,"31 December,",Agreement Date,Effective Date,0.39328116178512573
ENTRUSTINC_07_24_1998-EX-10.5-STRATEGIC ALLIANCE AGREEMENT,Any rights or license granted under this Article VI to a ----------------- corporation or other legal entity which becomes a Subsidiary of a Party at a date later than the Effective Date shall become effective as of the date upon which such corporation or other legal entity becomes a Subsidiary of such Party.,Affiliate License-Licensee,Effective Date,0.49649888277053833
ENTRUSTINC_07_24_1998-EX-10.5-STRATEGIC ALLIANCE AGREEMENT,"Notwithstanding any provision of the Source Code ----------------- License, ETI shall not be required to honour any product warranty or intellectual property indemnity set forth in the Source Code License, to the extent that such breach of warranty or indemnity relates to a defect in any of the Entrust Products as of the Effective Date or the infringement or misappropriation of any third party rights incorporated into the Entrust Products as of the Effective Date.",Cap On Liability,Source Code Escrow,0.9841952323913574
ENTRUSTINC_07_24_1998-EX-10.5-STRATEGIC ALLIANCE AGREEMENT,"Subject to the terms and -------------------------------- conditions of this Agreement, NTL, to the extent of its legal right to do so, hereby grants to Entrust under the Nortel Patents, a non-transferable, non- assignable, indivisible, non-exclusive, royalty-free, worldwide license for Licensed Products and Licensed Services.",Affiliate License-Licensor,Non-Transferable License,0.9780314564704895
ENTRUSTINC_07_24_1998-EX-10.5-STRATEGIC ALLIANCE AGREEMENT,"Subject to the terms and ----------------------------------- conditions of this Agreement, Entrust, to the extent of its legal right to do so, hereby grants to Nortel, under the Entrust Patents, an irrevocable, non- transferable, non-assignable, indivisible, non-exclusive, royalty-free, worldwide license for Licensed Products and Licensed Services.",Affiliate License-Licensor,Irrevocable Or Perpetual License,0.9302603602409363
"FOUNDATIONMEDICINE,INC_02_02_2015-EX-10.2-Collaboration Agreement","At least […***…] during the time a Work Stream remains in effect, unless otherwise agreed by the Parties, FMI shall have the obligation to prepare and provide to the JRDC a summary presentation on the progress of the work performed by FMI in the course of each Work Stream during the preceding […***…].",Audit Rights,Minimum Commitment,0.9500129818916321
"FOUNDATIONMEDICINE,INC_02_02_2015-EX-10.2-Collaboration Agreement","Effective after the Immunotherapy Exclusivity Period, Roche hereby grants to FMI a non-exclusive, royalty-free, worldwide, perpetual, and sublicensable to Affiliates, license to any intellectual property arising from the Immunotherapy Testing Platform Development Program Controlled by Roche (excluding Roche Immunotherapy Sample Results) to the extent necessary",Affiliate License-Licensee,Affiliate License-Licensor,0.529141366481781
"FOUNDATIONMEDICINE,INC_02_02_2015-EX-10.2-Collaboration Agreement","FMI hereby grants to Roche (i) an exclusive, royalty-free, sublicensable, worldwide and perpetual license to any intellectual property rights arising from the ctDNA Development Platform Program that are necessary for Roche to develop, make, have made, use, offer for sale, sell, import and commercialize Roche products other than diagnostic products (including the use, formulation, methods of treatment, clinical data or other data, information or results relating to the Roche therapeutic product) solely for use in connection with such activities and such Roche products and (ii) a non-exclusive, royalty-free, worldwide and perpetual license, with the right to grant sublicenses solely to Roche Affiliates, to any intellectual property rights arising from the ctDNA Development Platform Program, for internal research purposes.",Exclusivity,Affiliate License-Licensor,0.49686551094055176
"FOUNDATIONMEDICINE,INC_02_02_2015-EX-10.2-Collaboration Agreement","FMI hereby grants to Roche (i) an exclusive, royalty-free, sublicensable, worldwide and perpetual license to any intellectual property rights arising from the ctDNA Development Platform Program that are necessary for Roche to develop, make, have made, use, offer for sale, sell, import and commercialize Roche products other than diagnostic products (including the use, formulation, methods of treatment, clinical data or other data, information or results relating to the Roche therapeutic product) solely for use in connection with such activities and such Roche products and (ii) a non-exclusive, royalty-free, worldwide and perpetual license, with the right to grant sublicenses solely to Roche Affiliates, to any intellectual property rights arising from the ctDNA Development Platform Program, for internal research purposes. Roche hereby grants to FMI a non-exclusive, royalty-free, worldwide, perpetual, and sublicensable license to any IP Controlled by Roche and developed under the ctDNA Platform Development Program (excluding Roche Immunotherapy Sample Results) to the extent necessary for FMI to research, develop, make, have made, use, offer for sale, sell, import and commercialize the ctDNA Assays.",Irrevocable Or Perpetual License,Affiliate License-Licensor,0.5816234350204468
"FOUNDATIONMEDICINE,INC_02_02_2015-EX-10.2-Collaboration Agreement","FMI hereby grants to Roche a non-exclusive, royalty-free, worldwide and perpetual license, sublicensable to Roche's Affiliates under any FMI Improvements for Roche's internal research purposes and to develop, make, have made, use, offer for sale, sell, import and commercialize Roche's products and services other than diagnostic products and services.",Irrevocable Or Perpetual License,Affiliate License-Licensee,0.5009567737579346
"FOUNDATIONMEDICINE,INC_02_02_2015-EX-10.2-Collaboration Agreement","Promptly upon expiry of such Work Stream, other than the Molecular Information Platform Program, FMI shall provide a final written report summarizing its activities under such Work Stream and the results thereof.",Audit Rights,Post-Termination Services,0.9786714315414429
"FOUNDATIONMEDICINE,INC_02_02_2015-EX-10.2-Collaboration Agreement","Roche hereby grants to FMI a non-exclusive, royalty-free, worldwide and perpetual license, sublicensable to FMI's Affiliates, under any intellectual property rights arising directly from the Sample Results, or the correlation of the Sample Results to patient data (""Biomarker IP"") (i) to the extent such Biomarker IP becomes publicly known, for internal research purposes, (ii) to the extent such Biomarker IP becomes publicly known, to develop, make, have made, use, offer for sale, sell, import, and commercialize FMI's Products and Services relating to genomic analysis, and (iii) […***…].",Irrevocable Or Perpetual License,Affiliate License-Licensor,0.5515041351318359
"FOUNDATIONMEDICINE,INC_02_02_2015-EX-10.2-Collaboration Agreement",The Database Insights,Renewal Term,Parties,0.996623158454895
"FOUNDATIONMEDICINE,INC_02_02_2015-EX-10.2-Collaboration Agreement",customer provisions of Article 5.,Audit Rights,Document Name,0.4171125888824463
"FOUNDATIONMEDICINE,INC_02_02_2015-EX-10.2-Collaboration Agreement","for FMI to develop, make, have made, use, offer for sale, sell, import and commercialize the Immuno-Biomarker Discovery Platform, Signature Identification services, Clinical Study assays, CDx assays, or any other FMI testing or services (including that are part of the Genomic Analysis Platform).",Affiliate License-Licensee,License Grant,0.815032958984375
"FOUNDATIONMEDICINE,INC_02_02_2015-EX-10.2-Collaboration Agreement","have been satisfactorily met and no objection on the part of the Federal Trade Commission or the Justice Department remains, or (c) the occurrence of the Acceptance Time (as defined in the Transaction Agreement).",Effective Date,Warranty Duration,0.987095057964325
"GWG HOLDINGS, INC. - ORDERLY MARKETING AGREEMENT","December 27, 2018",Effective Date,Agreement Date,0.5280712842941284
IMAGEWARESYSTEMSINC_12_20_1999-EX-10.22-MAINTENANCE AGREEMENT,(c) give title to all modifications and improvements to the PSS Software which XIMAGE generally makes available to its other customers (at no additional Charge) under standard software maintenance agreements relating to the Software.,Ip Ownership Assignment,Post-Termination Services,0.9280970692634583
IMAGEWARESYSTEMSINC_12_20_1999-EX-10.22-MAINTENANCE AGREEMENT,"31 January, 1994",Agreement Date,Effective Date,0.5434888601303101
IMAGEWARESYSTEMSINC_12_20_1999-EX-10.22-MAINTENANCE AGREEMENT,"December 10, 1993",Effective Date,Agreement Date,0.5181770324707031
IMAGEWARESYSTEMSINC_12_20_1999-EX-10.22-MAINTENANCE AGREEMENT,"In addition, XIMAGE will provide the following as additional Customer Support Services:",Ip Ownership Assignment,Other,0.7429940104484558
"IOVANCEBIOTHERAPEUTICS,INC_08_03_2017-EX-10.1-STRATEGIC ALLIANCE AGREEMENT","Accordingly, LBIO shall have available, in addition to any other right or remedy available to it, the right to seek an injunction from a court of competent jurisdiction restraining such a breach (or threatened breach) and to specific performance of any such Section.",Uncapped Liability,Cap On Liability,0.6906521320343018
"IOVANCEBIOTHERAPEUTICS,INC_08_03_2017-EX-10.1-STRATEGIC ALLIANCE AGREEMENT","April 17, 2017",Effective Date,Agreement Date,0.5352630615234375
"IOVANCEBIOTHERAPEUTICS,INC_08_03_2017-EX-10.1-STRATEGIC ALLIANCE AGREEMENT","LBIO agrees to commit funding in an amount not to exceed $14,211,864.00 for the performance of the Studies during the Term (collectively, ""Initial Funding""), with the Initial Funding specifically allocated as follows: (a) $[* * *] for an upfront payment, and a minimum of $[* * *] for enrollment and treatment of a minimum of 40 patients in the Study described in Exhibit I (i.e., the Minimum Enrollment Target as defined in Exhibit 1) or up to $[* * *] (an ""Individual Study Budget"") for enrollment and treatment of up to 60 patients in the Study described in Exhibit I (i.e., the Maximum Enrollment Target as defined in Exhibit 1); (b) $[* * *] (which shall also be considered an Individual Study Budget) for enrollment, manufacturing of product, and treatment of 30 patients in the Study described in Exhibit II; and (c) $[* * *] for the Study described in Exhibit III.",Minimum Commitment,Volume Restriction,0.9747055172920227
IdeanomicsInc_20160330_10-K_EX-10.26_9512211_EX-10.26_Content License Agreement,"2) For Titles listed in Schedule A3: For ""天下女人"": No satellite TV broadcasting rights granted. Titles other than ""猜 猜女人心"", ""赏深越慕"" , ""职场新女性挑战行动"", "" 杨澜访谈录"" (自第192期及以后的节 目),""人生相对论 "", "" 天下女人"", and ""正青春"" cannot be edited in any way; 3) For Titles listed in Schedule A4: Other than the versions (dubbed or translated) in which the Titles in Schedule A4 already exist in (and were delivered in), no further dubbing, translation, or editing may be performed by any party on Schedule A4's Titles.",License Grant,Other,0.9891608357429504
IdeanomicsInc_20160330_10-K_EX-10.26_9512211_EX-10.26_Content License Agreement,"2) For Titles listed in Schedule A3: For ""天下女人"": No satellite TV broadcasting rights granted. Titles other than ""猜 猜女人心"", ""赏深越慕"" , ""职场新女性挑战行动"", "" 杨澜访谈录"" (自第192期及以后的节 目),""人生相对论 "", "" 天下女人"", and ""正青春"" cannot be edited in any way; 3) For Titles listed in Schedule A4: Other than the versions (dubbed or translated) in which the Titles in Schedule A4 already exist in (and were delivered in), no further dubbing, translation, or editing may be performed by any party on Schedule A4's Titles. 4) For Titles listed in Schedule A5 (except ""Summer in February""): Limitations on Rights Granted: the following distribution methods are permitted: non-theatrical, public video, ship and hotel rights (all not earlier than the US theatrical release); home video rental, home video sell through, and commercial video rights (all not earlier than the US video release); cable TV (pay & free), terrestrial TV (pay & free), satellite pay TV; internet TV (pay & free), residential and non-residential pay-per-view, residential and non-residential internet pay-per-view, VOD, near VOD, and internet VOD (all no earlier than the corresponding exploitation in the USA).",Irrevocable Or Perpetual License,Other,0.8389646410942078
IdeanomicsInc_20160330_10-K_EX-10.26_9512211_EX-10.26_Content License Agreement,"December 21, 2015",Effective Date,Agreement Date,0.559698760509491
IdeanomicsInc_20160330_10-K_EX-10.26_9512211_EX-10.26_Content License Agreement,Licensor will promptly provide written notice to Licensee in which Licensor lists each Additional Title.,Rofr/Rofo/Rofn,Insurance,0.3729309141635895
InmodeLtd_20190729_F-1A_EX-10.9_11743243_EX-10.9_Manufacturing Agreement,1.4.2011,Effective Date,Agreement Date,0.5067012906074524
"KUBIENT,INC_07_02_2020-EX-10.14-MASTER SERVICES AGREEMENT_Part2",EXHIBIT 'B',Document Name,Parties,0.7422927618026733
"KUBIENT,INC_07_02_2020-EX-10.14-MASTER SERVICES AGREEMENT_Part2","February 5, 2020",Effective Date,Agreement Date,0.5285547375679016
"LEGACYTECHNOLOGYHOLDINGS,INC_12_09_2005-EX-10.2-DISTRIBUTOR AGREEMENT","Dec. 8, 2005",Effective Date,Agreement Date,0.546854555606842
"LEGACYTECHNOLOGYHOLDINGS,INC_12_09_2005-EX-10.2-DISTRIBUTOR AGREEMENT","SIERRA shall cease making sales to any customer or distributor who, during the term of this Agreement, violates ENVISION's exclusivity.",Exclusivity,No-Solicit Of Customers,0.5201504826545715
"LEGACYTECHNOLOGYHOLDINGS,INC_12_09_2005-EX-10.2-DISTRIBUTOR AGREEMENT","Upon termination, ENVISION shall have eighteen (18) months to exhaust any inventories, packaging and advertising materials bearing the ""SierraSil"" trademark and SIERRA shall have first option to buy back any inventory at ENVISION's net purchase price.",Rofr/Rofo/Rofn,Post-Termination Services,0.9677584767341614
LEJUHOLDINGSLTD_03_12_2014-EX-10.34-INTERNET CHANNEL COOPERATION AGREEMENT,"The channel is expected to be uploaded on August 1, 201",Expiration Date,Effective Date,0.8201287388801575
LEJUHOLDINGSLTD_03_12_2014-EX-10.34-INTERNET CHANNEL COOPERATION AGREEMENT,"This Agreement is dated April 29, 2010",Agreement Date,Effective Date,0.7267711162567139
LEJUHOLDINGSLTD_03_12_2014-EX-10.34-INTERNET CHANNEL COOPERATION AGREEMENT,"This Agreement will be effective as of the date of its execution, and term of the Cooperation will be four years from the date on which the channel is uploaded.",Expiration Date,Effective Date,0.5588003993034363
LIMEENERGYCO_09_09_1999-EX-10-DISTRIBUTOR AGREEMENT,"(A) 375 units in the first Product Year (1999) (B) 750 units in the next succeeding Product Year; (2000) (C) 937 units in the next succeeding Product Year; (2001) (D) 1,171 units in the next succeeding Product Year; (2002) (E) 1,463 units in the next succeeding Product Year; (2003) (F) 1,828 units in the next succeeding Product Year; (2004) (G) 2,285 units in the next succeeding Product Year; (2005) (H) 2,856 unit each in the lat three years of the initial Term of this Agreement and any renewals thereof.",Minimum Commitment,Other,0.3734109401702881
LIMEENERGYCO_09_09_1999-EX-10-DISTRIBUTOR AGREEMENT,Company's representatives will make themselves available three days per month in the first Product Year to consult with and train Distributor.,Minimum Commitment,Audit Rights,0.8512478470802307
LIMEENERGYCO_09_09_1999-EX-10-DISTRIBUTOR AGREEMENT,"If the Distributor shall fail to purchase the minimum number of units in any year, the Distributor's exclusive rights to sell and distribute the Product in the Market, may at Company's sole option, be reevaluated.",Minimum Commitment,Competitive Restriction Exception,0.611700177192688
LIMEENERGYCO_09_09_1999-EX-10-DISTRIBUTOR AGREEMENT,"In order to maintain the exclusive rights to sell, lease, distribute and service Products in the Market, the Distributor must use all commercially reasonably efforts to purchase for sale to subdistributors the following minimum quantities of the Products from the Company: On the commencement of the Term Distributor will issue to the Company an irrevocable letter of credit (""LC"") in the amount of Five Hundred Thousand Dollars ($500,000), the form of which is attached hereto as Exhibit A and incorporated herein by reference.",Minimum Commitment,Exclusivity,0.8802348375320435
LIMEENERGYCO_09_09_1999-EX-10-DISTRIBUTOR AGREEMENT,"In the event either party (a) becomes adjudicated insolvent, (b) discontinues its business, (c) has voluntary of involuntary bankruptcy proceedings instituted against it, or (d) makes an assignment for the benefit of creditors, the other party shall be entitled to terminate this Agreement effective immediately upon written notice.",Anti-Assignment,Change Of Control,0.9424200654029846
LIMEENERGYCO_09_09_1999-EX-10-DISTRIBUTOR AGREEMENT,"Should Company introduce other products or devices as contemplated by recital paragraph ""A"", Distributor shall have the option of becoming Company's exclusive distributor of such other Products or devices within the Market.",Rofr/Rofo/Rofn,Exclusivity,0.9407237768173218
LIMEENERGYCO_09_09_1999-EX-10-DISTRIBUTOR AGREEMENT,"The Company represents that, to the best of its knowledge, Products are in compliance with all laws, and that the Products will not be hazardous or dangerous when used for their intended purpose. Products do not cause harmful emissions or other environmental hazards and Products do not violate or infringe any patents, copyrights, trademarks or other rights of nay third party(ies).",Warranty Duration,Other,0.9654918313026428
LIMEENERGYCO_09_09_1999-EX-10-DISTRIBUTOR AGREEMENT,"The Company shall not have any obligation with respect to Products after 365 days following delivery to Distributor, except as provided herein.",Warranty Duration,Cap On Liability,0.49336057901382446
LIMEENERGYCO_09_09_1999-EX-10-DISTRIBUTOR AGREEMENT,"The term of this Agreement shall be ten (10) years (the ""Term"") which shall commence on the date upon which the Company delivers to Distributor the last Sample, as defined hereinafter.",Effective Date,Expiration Date,0.9626663327217102
LIMEENERGYCO_09_09_1999-EX-10-DISTRIBUTOR AGREEMENT,and which the Company has not repurchased.,Post-Termination Services,Rofr/Rofo/Rofn,0.6282423138618469
MOSSIMOINC_04_14_2000-EX-10.14-ENDORSEMENT AGREEMENT,"""Contract Period"" shall mean that period of time commencing on January 1, 2000 and concluding December 31, 2003, unless terminated sooner as provided herein.",Effective Date,Expiration Date,0.8959290385246277
MOSSIMOINC_04_14_2000-EX-10.14-ENDORSEMENT AGREEMENT,Any unearned Additional License Fee is fully &bbsp; refundable and due Company no later then January 31st of the following year.,Liquidated Damages,Revenue/Profit Sharing,0.9393342733383179
MOSSIMOINC_04_14_2000-EX-10.14-ENDORSEMENT AGREEMENT,"In the event Duval does not meet the Minimum Annual Performance Requirements for a Contract Year, $375,000 of the Additional License Fee will be deemed to be unearned.",Liquidated Damages,Minimum Commitment,0.9906901121139526
MOVADOGROUPINC_04_30_2003-EX-10.28-ENDORSEMENT AGREEMENT,"IN WITNESS WHEREOF, the parties hereto have executed this Agreement as of this 4th day of April, 2003.",Agreement Date,Other,0.9166686534881592
MSCIINC_02_28_2008-EX-10.10-,"Notwithstanding the provisions of Section 5(a) and (b), none of the members of the MS Provider Group and the MSCI Provider Group shall be liable for any special, indirect, incidental, consequential or punitive damages of any kind whatsoever in any way due to, resulting from or arising in connection with the performance of or failure to perform MS's or MSCI's obligations under this Agreement.",Cap On Liability,Uncapped Liability,0.8319849967956543
MSCIINC_02_28_2008-EX-10.10-,"November 20, 2007",Effective Date,Agreement Date,0.5436758399009705
MSCIINC_02_28_2008-EX-10.10-,"otherwise, to MS for or in connection with this Agreement or the transactions contemplated hereby or any actions or inactions by or on behalf of the MSCI Provider Group in connection with this Agreement and such transactions.",Cap On Liability,Other,0.31108200550079346
NEOMEDIATECHNOLOGIESINC_12_15_2005-EX-16.1-DISTRIBUTOR AGREEMENT,"(iii) DISTRIBUTOR becomes insolvent, assigns or attempts to assign its business assets for the benefit of creditors, institutes or has instituted against it proceedings in bankruptcy, or dissolves or liquidates the business of DISTRIBUTOR",Anti-Assignment,Other,0.6002275347709656
NEOMEDIATECHNOLOGIESINC_12_15_2005-EX-16.1-DISTRIBUTOR AGREEMENT,.,Anti-Assignment,Agreement Date,0.5962545275688171
NEOMEDIATECHNOLOGIESINC_12_15_2005-EX-16.1-DISTRIBUTOR AGREEMENT,"PPG SHANGHAI shall have the right to terminate this Agreement and/or suspend its performance hereunder immediately upon giving notice to DISTRIBUTOR, which termination shall be effective upon receipt of notice, if any one of the following occurs:",Non-Disparagement,Change Of Control,0.3043659031391144
NEOMEDIATECHNOLOGIESINC_12_15_2005-EX-16.1-DISTRIBUTOR AGREEMENT,"PPG Shanghai or any of its direct or indirect affiliates shall not sell any of its products directly to the Auto Center or to any of the Auto Center's affiliates in China or throughout the world, unless PPG Shanghai obtains Distributor's written approval.",Exclusivity,No-Solicit Of Customers,0.5576268434524536
OPERALTD_04_30_2020-EX-4.14-SERVICE AGREEMENT,"4.7 Data protection. Each Party agrees to comply with all applicable data protection and privacy laws arising from its obligations, if any, under the Agreement and to reasonably co-operate with the other Party in order to allow the other Party to comply with any laws as deemed necessary from time to time. Each Party shall treat all data, information relating to Services, including but not limit to the customer personal data, as confidential. Each party warrants that it shall take appropriate technical and organizational measures against unauthorized or unlaw",Renewal Term,Other,0.9964703321456909
OPERALTD_04_30_2020-EX-4.14-SERVICE AGREEMENT,"Neither Party shall be liable to the other Party in contract, tort or otherwise, whatever the cause, for any loss of profit, business or goodwill or any indirect, incidental or consequential costs, damages or expenses of any kind, except for such loss attributable to breach of confidentiality.",Uncapped Liability,Cap On Liability,0.7767110466957092
OPERALTD_04_30_2020-EX-4.14-SERVICE AGREEMENT,"Subject to the foregoing as wen as Mobimagic's obligations under this Agreement, Mobimagic shall not in any manner be held or be responsible or liable for any unforeseen contingency, claims, liabilities, demands. losses, damages or expenses arising due to absence of storage or retention of any PC Financial data which shall be the sole responsibility of PC Financial .",Uncapped Liability,Cap On Liability,0.9888988137245178
OPERALTD_04_30_2020-EX-4.14-SERVICE AGREEMENT,knowingly use the Services in violation of this Agreement.,Renewal Term,License Grant,0.7408652305603027
OPERALTD_04_30_2020-EX-4.14-SERVICE AGREEMENT,"knowingly use the Services in violation of this Agreement. 3 4.7 Data protection. Each Party agrees to comply with all applicable data protection and privacy laws arising from its obligations, if any, under the Agreement and to reasonably co-operate with the other Party in order to allow the other Party to comply with any laws as deemed necessary from time to time. Each Party shall treat all data, information relating to Services, including but not limit to the customer personal data, as confidential. Each party warrants that it shall take appropriate technical and organizational measures against unauthorized or unlaw",Renewal Term,Other,0.9857282042503357
PACIFICSYSTEMSCONTROLTECHNOLOGYINC_08_24_2000-EX-10.53-SPONSORSHIP AGREEMENT,"7) All covenants, promises and agreements by or on behalf of the parties contained in this Agreement shall be binding upon and shall inure to the benefit of the successors and assigns of the parties; but nothing in this Agreement, expressed or implied is intended to confer on any party the right to assign its rights or obligations hereunder.",Anti-Assignment,Other,0.9898897409439087
PROFOUNDMEDICALCORP_08_29_2019-EX-4.5-SUPPLY AGREEMENT,iv. returned to Philips in exchange for a full refund of the purchase price for the non-conforming Products paid under this Agreement.,Warranty Duration,Other,0.9809657335281372
PacificapEntertainmentHoldingsInc_20051115_8-KA_EX-1.01_4300894_EX-1.01_Content License Agreement,"In lieu of PACIFICAP ENTERTAINMENT granting a 10 year Exclusive Content License to THE HENRY FILM AND ENTERTAINMENT CORPORATION, THE HENRY FILM ANDENTERTAINMENT CORPORATION agrees to share 10% of the net revenue from any and all advertising sales, Syndication Fees and Licensing fees generated from all television shows, DVD Magazines, Internet Streaming Video Television Shows, Television Shorts, Radio Shows, Radio Shorts, Cell Phone Video Clips, Caller ID Video Clips, Promotional Commercials, Websites, Streaming Video Commercials, Streaming Video Highlight Shows, 24 Hour Nostalgia Sports Network, DVD Program Package, Television Show Series, stock footage library, and print promotional posters, created and or produced with any content provided by PACIFICAP ENTERTAINMENT.",Revenue/Profit Sharing,Exclusivity,0.39359262585639954
PacificapEntertainmentHoldingsInc_20051115_8-KA_EX-1.01_4300894_EX-1.01_Content License Agreement,"PERFORMANCE: In lieu of PACIFICAP ENTERTAINMENT granting a 10 year Exclusive Content License to THE HENRY FILM AND ENTERTAINMENT CORPORATION, THE HENRY FILM AND ENTERTAINMENT CORPORATION agrees to share a minimum of $50,000.00 annually for each year of this Agreement.",Minimum Commitment,Exclusivity,0.5876392722129822
PacificapEntertainmentHoldingsInc_20051115_8-KA_EX-1.01_4300894_EX-1.01_Content License Agreement,"This Agreement will become effective as of the last date of signature (Effective Date) and shall, unless sooner terminated as provided below or as otherwise agreed, remain effective for an initial term of 10 Years following the first date of public availability of the PACIFICAP ENTERTAINMENT Content within a THE HENRY FILM AND ENTERTAINMENT CORPORATION Property (the ""Initial Term"").",Expiration Date,Effective Date,0.5473535656929016
PareteumCorp_20081001_8-K_EX-99.1_2654808_EX-99.1_Hosting Agreement,Parties can mutually agree in writing to deviate from an automatic extension of *** by extending this Agreement for a longer period than ***.,Renewal Term,Notice Period To Terminate Renewal,0.628442645072937
PareteumCorp_20081001_8-K_EX-99.1_2654808_EX-99.1_Hosting Agreement,The Agreement may be terminated by both Parties with a notification period of *** before the end of the Initial Term of the Agreement.,Termination For Convenience,Notice Period To Terminate Renewal,0.799685001373291
PareteumCorp_20081001_8-K_EX-99.1_2654808_EX-99.1_Hosting Agreement,"This Agreement shall come into force on the Date of the Agreement, and shall, subject to article 18, remain in full force and effect for an initial period of *** from the Commercial Launch Date.",Effective Date,Expiration Date,0.9628046751022339
Quaker Chemical Corporation - NON COMPETITION AND NON SOLICITATION AGREEMENT,"Gulf Oil Lubricants India, Ltd, a public limited company incorporated in India (""Gulf India""), is executing this Agreement solely for purposes of Section 1(c) [Confidentiality; Non-competition; Non-solicitation].",Parties,Other,0.9920485615730286
"ROCKYMOUNTAINCHOCOLATEFACTORY,INC_12_23_2019-EX-10.2-STRATEGIC ALLIANCE AGREEMENT","(a) Each of EA, Farids and the Company shall not, and shall cause their respective controlled Affiliates to not, either directly or indirectly solicit, hire, or contract with any of the employees of the other party or its Affiliates during the Term (as defined in the Exclusive Supplier Operating Agreement) and for one (1) year following the termination or expiration thereof; provided that this Section 8.9(a) shall not apply with respect to any such employee who employment with the other party and its Affiliates has been terminated for a period in excess of nine (9) months.",Post-Termination Services,No-Solicit Of Employees,0.778209924697876
"ROCKYMOUNTAINCHOCOLATEFACTORY,INC_12_23_2019-EX-10.2-STRATEGIC ALLIANCE AGREEMENT","December 20, 2019",Agreement Date,Effective Date,0.49411988258361816
"ROCKYMOUNTAINCHOCOLATEFACTORY,INC_12_23_2019-EX-10.2-STRATEGIC ALLIANCE AGREEMENT","If the Farids Group determines for any reason not to proceed with any proposed registration requested pursuant to Section 6.1, the Farids Group shall promptly notify the Company in writing.",Termination For Convenience,Rofr/Rofo/Rofn,0.9384891390800476
"Reinsurance Group of America, Incorporated - A_R REMARKETING  AGREEMENT","In addition, the obligations of the Remarketing Agent hereunder may be terminated by it by notice given to the Company prior to 5:00 p.m. (New York City time) on the date immediately preceding the Commencement Date if, prior to that time, any of the events described in Sections 6(i), (j) or (k) shall have occurred.",Expiration Date,Termination For Convenience,0.7737621665000916
SoupmanInc_20150814_8-K_EX-10.1_9230148_EX-10.1_Franchise Agreement1,"Accordingly, neither you nor any immediate or remote successor to any part of your interest in this Agreement, nor any individual, partnership, corporation, or other legal entity which directly or indirectly owns any interest in you shall not sell, encumber, assign, transfer, convey, pledge, merge, or give away any direct or indirect interest in this Agreement, in you, or in all or substantially all of the assets of the Franchised Business. Any change in the control of you shall be deemed a transfer for purposes of this Agreement.",Anti-Assignment,Change Of Control,0.9791051745414734
SoupmanInc_20150814_8-K_EX-10.1_9230148_EX-10.1_Franchise Agreement1,"If you do not meet the Minimum Development Quota, we may cancel your exclusive right to market and sell Unit Franchises in your Master Territory and may sell additional Master Franchises within your Master Territory, or we may begin operations of our own in your Master Territory, or we may terminate this Agreement.",Minimum Commitment,Competitive Restriction Exception,0.7673435807228088
SoupmanInc_20150814_8-K_EX-10.1_9230148_EX-10.1_Franchise Agreement1,"In consideration for such training, trade secrets and confidential information, you and your principals agree that during the term of this Agreement, and for a continuous uninterrupted period commencing upon expiration or termination of this Agreement, regardless of the cause for termination, and continuing for a period of three (3) years thereafter, neither you nor your principals shall, directly or indirectly, for themselves, or through, on behalf of, or in conjunction with any person, persons, partnership, limited liability company or corporation:",No-Solicit Of Employees,No-Solicit Of Customers,0.8224591612815857
SoupmanInc_20150814_8-K_EX-10.1_9230148_EX-10.1_Franchise Agreement1,"In order to keep your exclusivity, you agree to purchase a minimum of the following: $170,000.00 of soup from us in 2015 $1,600,00.00 of soup from us in 2016 $3,200,000.00 of soup from us in 2017 $5,000,000.00 of soup from us in 2018 and shall increase 10% each year thereafter.",Exclusivity,Competitive Restriction Exception,0.7004005908966064
SoupmanInc_20150814_8-K_EX-10.1_9230148_EX-10.1_Franchise Agreement1,"In the case of transfer by devise or inheritance, however, if the heirs or beneficiaries of any such person are unable to meet the conditions of this Section 12, the executor, administrator, or personal representative of the decedent shall transfer the decedent's interest to another party approved by us within twelve (12) months, which disposition shall be subject to all the terms and conditions for transfers contained in this Agreement.",Anti-Assignment,Change Of Control,0.7203201651573181
SoupmanInc_20150814_8-K_EX-10.1_9230148_EX-10.1_Franchise Agreement1,The rights granted to you hereunder do not include the right to sub-franchise others to sell franchises.,Anti-Assignment,Non-Transferable License,0.9457826614379883
SoupmanInc_20150814_8-K_EX-10.1_9230148_EX-10.1_Franchise Agreement1,"Upon the death or permanent disability (mental or physical) of any person with an interest in this Agreement, in you, or in all or substantially all of the assets of the Franchised Business, the executor, administrator, or personal representative of such person shall transfer such interest to a third party approved by us within twelve (12) months after such death or disability.",Anti-Assignment,Change Of Control,0.7768332958221436
SoupmanInc_20150814_8-K_EX-10.1_9230148_EX-10.1_Franchise Agreement1,We will not grant other franchises nor establish our own Unit Franchises within the Master Territory during the term of this Agreement unless you do not meet the Minimum Development Quota.,Competitive Restriction Exception,Minimum Commitment,0.9836348295211792
SoupmanInc_20150814_8-K_EX-10.1_9230148_EX-10.1_Franchise Agreement1,"You acknowledge and agree that the franchise granted to you hereunder is non-exclusive and is only for one (1) Master Territory; that you are not granted any area, market, or protected territorial rights other than as expressly provided in Section 1.1 of this Agreement; and that you shall not have the right to sublicense, sublease, subcontract or enter into any management agreement providing for the right to operate the Franchised Business or to use the System granted pursuant to this Agreement, except in the manner expressly provided for in Section 5.1 of this Agreement.",Anti-Assignment,Non-Transferable License,0.9239034056663513
SoupmanInc_20150814_8-K_EX-10.1_9230148_EX-10.1_Franchise Agreement1,"You acknowledge and agree that, in consideration for the right to use the System and our expertise in the field, if you, any of your employees or any Unit Franchisees in the Master Territory develop any new concept, process or improvement in the operation or promotion of the Franchised Business, you will promptly notify us and provide us with all necessary information concerning same, without any compensation to you, your employee or Unit Franchisee.",Ip Ownership Assignment,Rofr/Rofo/Rofn,0.3528735339641571
SoupmanInc_20150814_8-K_EX-10.1_9230148_EX-10.1_Franchise Agreement1,"You shall be in default under this Agreement, and we may, at our option, terminate this Agreement and all rights granted under this Agreement, without affording you any opportunity to cure the default, effective immediately upon receipt of notice by you upon the occurrence of any of the following events:",Minimum Commitment,Covenant Not To Sue,0.7525705099105835
SoupmanInc_20150814_8-K_EX-10.1_9230148_EX-10.1_Franchise Agreement1,"_____ day of __________________, 2015",Effective Date,Agreement Date,0.5496003031730652
SoupmanInc_20150814_8-K_EX-10.1_9230148_EX-10.1_Franchise Agreement1,us,Parties,Non-Compete,0.10984311252832413
TELKOMSALTD_01_30_2003-EX-10-LICENCE AND MAINTENANCE AGREEMENT,"""TERRITORY"" means, for the purposes of USING the SOFTWARE, all countries in. AFRICA;",License Grant,Governing Law,0.47476109862327576
TELKOMSALTD_01_30_2003-EX-10-LICENCE AND MAINTENANCE AGREEMENT,"TELKOM shall not copy the source code, nor disclose it to any third party except agents retained by TELKOM to assist in maintaining the SOFTWARE, provided that no such agent is in the business of marketing or developing SOFTWARE competitive with the SOFTWARE.",Non-Compete,Source Code Escrow,0.9894939064979553
TELKOMSALTD_01_30_2003-EX-10-LICENCE AND MAINTENANCE AGREEMENT,The licence granted hereunder shall become effective upon execution of this AGREEMENT by both parties and shall endure indefinitely unless terminated under clause 6. 2.,Expiration Date,Effective Date,0.483449786901474
TELKOMSALTD_01_30_2003-EX-10-LICENCE AND MAINTENANCE AGREEMENT,defaulting party or any person or entity in respect of whom the defaulting party may be vicariously liable.,Cap On Liability,Parties,0.4209922254085541
TheglobeComInc_19990503_S-1A_EX-10.20_5416126_EX-10.20_Co-Branding Agreement,"""Launch Date"" means the first date on which the Service is made publicly available.",Expiration Date,Effective Date,0.9396151900291443
TheglobeComInc_19990503_S-1A_EX-10.20_5416126_EX-10.20_Co-Branding Agreement,"Boxlot shall grant to theglobe registration rights for such options and any shares of common stock issued or issuable upon the exercise of such options (including without limitation, two demand registration rights and unlimited piggyback registration rights) on Form S-1, Form S-3 or such other form as may be applicable pursuant to the Securities Act of 1933 as amended.",Unlimited/All-You-Can-Eat-License,Rofr/Rofo/Rofn,0.711887001991272
TheglobeComInc_19990503_S-1A_EX-10.20_5416126_EX-10.20_Co-Branding Agreement,"March ___, 1999",Effective Date,Agreement Date,0.5712525248527527
TheglobeComInc_19990503_S-1A_EX-10.20_5416126_EX-10.20_Co-Branding Agreement,"NEGLIGENCE) ARISING OUT OF OR IN CONNECTION WITH THIS AGREEMENT, EVEN IF THE PARTIES ARE AWARE OF THE POSSIBILITY OF SUCH DAMAGES.",Cap On Liability,Uncapped Liability,0.5471481084823608
TheglobeComInc_19990503_S-1A_EX-10.20_5416126_EX-10.20_Co-Branding Agreement,OTHER PARTY IN AN AMOUNT GREATER THAN THE AMOUNT BOXLOT ACTUALLY PAYS TO THEGLOBE HEREUNDER.,Uncapped Liability,Cap On Liability,0.9793124198913574
TheglobeComInc_19990503_S-1A_EX-10.20_5416126_EX-10.20_Co-Branding Agreement,and promote the Service.,License Grant,Non-Disparagement,0.41320839524269104
TomOnlineInc_20060501_20-F_EX-4.46_749700_EX-4.46_Co-Branding Agreement,22nd day of August 2005,Effective Date,Agreement Date,0.5412682294845581
TomOnlineInc_20060501_20-F_EX-4.46_749700_EX-4.46_Co-Branding Agreement,"Except as provided herein, no member of the Online Group or the Group may in any manner (i) modify the Skype Software, Skype Toolbar, Company-Skype Toolbar and/or Company-Skype Branded Application or any Improvement thereof; (ii) distribute, sell, transfer, encumber, sublicense, rent, loan, lend or lease the Skype Software and/or the Skype Toolbar, and/or any component thereof to any third party; or",Non-Transferable License,License Grant,0.32563844323158264
TomOnlineInc_20060501_20-F_EX-4.46_749700_EX-4.46_Co-Branding Agreement,"Except as provided herein, no member of the Skype Group or the Group may in any manner",Non-Transferable License,No-Solicit Of Customers,0.7786708474159241
TomOnlineInc_20060501_20-F_EX-4.46_749700_EX-4.46_Co-Branding Agreement,"Notwithstanding any portion of the foregoing to the contrary, the Non-Competition Period shall terminate prior to the End Date, and for the avoidance of doubt, no party shall be obligated to comply with the restrictions set out in Section 8.1 after the termination of the Non-Competition Period:",Non-Compete,Competitive Restriction Exception,0.9505696296691895
TomOnlineInc_20060501_20-F_EX-4.46_749700_EX-4.46_Co-Branding Agreement,"Skype further agrees that in the event that, prior to such time as the Company-Skype Branded Application is updated or upgraded to include the Mobile Technology, Skype or any of its Affiliates makes available to Skype users a new software product which allows access to services available through the Skype Software but on or through mobile communication devices (but in any event excluding Skype Zones), it will license that software product to the Company and Online BVI on the terms and conditions set forth in this Agreement with respect to the Skype Software and the Company-Skype Branded Application customized therefrom, and references to the Skype Software in this Agreement shall be deemed to include such software product.",Affiliate License-Licensor,License Grant,0.9818836450576782
TubeMediaCorp_20060310_8-K_EX-10.1_513921_EX-10.1_Affiliate Agreement,"6t h day of March, 2006",Effective Date,Agreement Date,0.5424849390983582
TubeMediaCorp_20060310_8-K_EX-10.1_513921_EX-10.1_Affiliate Agreement,"Each Station will provide Network with up to 5.0 mbps, but, at all times, not less than 2.0 mbps, for this purpose, except as required in infrequent and exceptional circumstances resulting from a Station's carriage of the primary television network with which such Station is affiliated with regard to its Primary Feed (e.g., ABC, CBS, NBC and Fox).",Volume Restriction,Minimum Commitment,0.7177718877792358
TubeMediaCorp_20060310_8-K_EX-10.1_513921_EX-10.1_Affiliate Agreement,"Except as expressly provided in Sections 3(a) and 3(b) and this Section 3(d), Network shall not have the right to distribute or otherwise license the Service for reception in a Station's DMA, including distributing the Service directly through an MVPD in a Station's DMA, other than through this license to Affiliate.",Non-Transferable License,Exclusivity,0.5165668725967407
TubeMediaCorp_20060310_8-K_EX-10.1_513921_EX-10.1_Affiliate Agreement,"Except for the Local Advertising and advertising broadcast in Local Programming, Network shall have the exclusive right and authority to sell all of the advertising on the Service and shall share a portion of Network's Advertising Revenue generated from such sales with Affiliate in accordance with the terms of this Agreement.",Revenue/Profit Sharing,Exclusivity,0.9537293910980225
TubeMediaCorp_20060310_8-K_EX-10.1_513921_EX-10.1_Affiliate Agreement,"If condition (A) or (B) applies, the Acquired Station shall have no obligations hereunder, and Network shall have the right to license the transmission of the Service to another Broadcast Television station in such DMA, including on an exclusive basis.",Exclusivity,Competitive Restriction Exception,0.8127297759056091
TubeMediaCorp_20060310_8-K_EX-10.1_513921_EX-10.1_Affiliate Agreement,"In the event Affiliate owns more than one Station in any DMA (a ""Duopoly Market""), then Affiliate, at its option, shall have the right to determine which of its Stations in such DMA shall broadcast the Service; it being understood that Affiliate shall have no obligation to broadcast the Service over more than one of its Stations in any particular DMA.",Volume Restriction,Competitive Restriction Exception,0.721859872341156
TubeMediaCorp_20060310_8-K_EX-10.1_513921_EX-10.1_Affiliate Agreement,"Network hereby grants to Affiliate the exclusive right via Broadcast Television, and Affiliate hereby accepts such exclusive right and the obligation during the Term to broadcast the Service via Broadcast Television (i) over the transmission facilities of each Station identified on Exhibit A, which is licensed by the FCC to serve the community for each such Station (the ""Licensed Community""), for receipt by TV Households in the DMA in which the Licensed Community is located, as such DMA is identified on Exhibit A, and (ii) over the transmission facilities of any Acquired Station, except to the extent that, as of the date Affiliate notifies Network in writing of its binding agreement to acquire such Acquired Station, (A) another Broadcast Television station in the same DMA as the Acquired Station has exclusive rights to broadcast the Service, or (B) the Acquired Station is obligated to broadcast other material that precludes it from also carrying the Service.",Affiliate License-Licensee,Exclusivity,0.900468111038208
TubeMediaCorp_20060310_8-K_EX-10.1_513921_EX-10.1_Affiliate Agreement,"for this purpose, except as required in infrequent and exceptional circumstances resulting from a Station's carriage of the primary television network with which such Station is affiliated with regard to its Primary Feed (e.g., ABC, CBS, NBC and Fox).",Volume Restriction,Other,0.35807058215141296
UsioInc_20040428_SB-2_EX-10.11_1723988_EX-10.11_Affiliate Agreement 2,"Affiliate shall not, without the express written consent of Network 1: i. Contact or otherwise deal directly with, VISA, MasterCard or the Member Bank; or ii. Make any representations with respect to Network 1, VISA, MasterCard or the Member Bank; or",Non-Compete,No-Solicit Of Customers,0.9534379243850708
UsioInc_20040428_SB-2_EX-10.11_1723988_EX-10.11_Affiliate Agreement 2,Agreement may be terminated prior to the conclusion of the Term by giving written notice of termination:,Non-Compete,Termination For Convenience,0.9095872044563293
UsioInc_20040428_SB-2_EX-10.11_1723988_EX-10.11_Affiliate Agreement 2,"Agreement may be terminated prior to the conclusion of the Term by giving written notice of termination: A. By either party as a result of default by the other party under this Agreement and failure to cure said default within thirty (30) days after notice of said default is given. B. By either party in the event of insolvency, receivership, voluntary or involuntary bankruptcy or an assignment for the benefit of creditors of or by the Affiliate other than in the ordinary course of business. However, Affiliate may pledge or otherwise collateralize assets for the purpose of securing commercial loans or lines of credit in the ordinary course of business provided that such pledge is subordinate to an security interest associated with the Merchant accounts and/or losses from such accounts. C. By Affiliate in the event of any changes in the Affiliate's Fee (other than direct pass through increases related to Visa and MasterCard interchange, fees, assessments and dues, processor communication costs, and other direct increases including terminal hardware). D. By Network 1, for cause. For purpose hereof; ""cause"" shall consist of (i) fraud, intentional misrepresentation or negligence by Affiliate or any Contractor located by Affiliate in compiling or providing any information submitted to or relied on by Network 1 to Network 1, whether or not such fraud or misrepresentation is based on a misstatement, omission, a substantive fact, or data; (ii) intentional violations by the Affiliate or any Contractor(s) located by Affiliate of any of the rules or regulations of VISA, MasterCard, the Member Bank or Network 1; and (iii) the providing of vendor services or merchant services by Affiliate or Contractor(s) located by Affiliate which are competitive with Network 1 or without the prior written consent of Network 1, contrary to Section 1.01 [CONTRACTORS] and IV, violation of any clause of Network 1 Affiliate Office Agreement and failure to cure such violation within 30 days of notification",Non-Compete,Termination For Convenience,0.45247891545295715
UsioInc_20040428_SB-2_EX-10.11_1723988_EX-10.11_Affiliate Agreement 2,"D. By Network 1, for cause. For purpose hereof; ""cause"" shall consist of",Non-Compete,Change Of Control,0.36571818590164185
VirtuosoSurgicalInc_20191227_1-A_EX1A-6 MAT CTRCT_11933379_EX1A-6 MAT CTRCT_License Agreement,5/11/2016,Effective Date,Agreement Date,0.5646935105323792
VirtuosoSurgicalInc_20191227_1-A_EX1A-6 MAT CTRCT_11933379_EX1A-6 MAT CTRCT_License Agreement,"COMPANY will pay JHU a fee equal one percent (1%) of the Aggregate Consideration received by the COMPANY, or the total amount received by stockholders of COMPANY, upon the occurrence of a Liquidity Event.",Liquidated Damages,Revenue/Profit Sharing,0.986856997013092
VirtuosoSurgicalInc_20191227_1-A_EX1A-6 MAT CTRCT_11933379_EX1A-6 MAT CTRCT_License Agreement,"Company shall not sublicense to others under this Agreement, nor extend the rights granted hereunder to any affiliated company.",Anti-Assignment,Non-Transferable License,0.5925079584121704
VirtuosoSurgicalInc_20191227_1-A_EX1A-6 MAT CTRCT_11933379_EX1A-6 MAT CTRCT_License Agreement,Company shall pay to JHU minimum annual royalties as set forth in Exhibit A.,Revenue/Profit Sharing,Minimum Commitment,0.9887583255767822
VirtuosoSurgicalInc_20191227_1-A_EX1A-6 MAT CTRCT_11933379_EX1A-6 MAT CTRCT_License Agreement,"For a Liquidity Event, the fee required under Section 4.1 of this Exhibit A above shall be payable to JHU by COMPANY in the same form as the proceeds paid or payable to either COMPANY or its security holders, whether in cash, securities or other property, and in the same proportion as such form of consideration is paid or payable to COMPANY or its security holders.",Change Of Control,Revenue/Profit Sharing,0.9816223382949829
VirtuosoSurgicalInc_20191227_1-A_EX1A-6 MAT CTRCT_11933379_EX1A-6 MAT CTRCT_License Agreement,"Notwithstanding the foregoing, in the event the form of consideration paid or payable includes securities for which there is not an active public market, in lieu of paying that portion of the fee with such securities COMPANY will make a cash payment to JHU equal to the fair market value of such securities.",Change Of Control,Revenue/Profit Sharing,0.9833704233169556
VirtuosoSurgicalInc_20191227_1-A_EX1A-6 MAT CTRCT_11933379_EX1A-6 MAT CTRCT_License Agreement,"The Company shall make and retain, for a period of three (3) years following the period of each report required by Paragraph 4.4, true and accurate records, files and books of account containing all the data reasonably required for the full computation and verification of sales and other information required in Paragraph 4.4.",Audit Rights,Post-Termination Services,0.6613798141479492
VirtuosoSurgicalInc_20191227_1-A_EX1A-6 MAT CTRCT_11933379_EX1A-6 MAT CTRCT_License Agreement,"The stock purchase agreement shall contain provisions protecting JHU against dilution of its equity interest in the event the post-money valuation of any equity investment is less than two million dollars ($2,000,000), and it will also contain a provision for the piggy-back registration of common shares with any other class of stock in an initial public offering. If COMPANY proposes to sell any equity securities or securities that are convertible into equity securities of COMPANY (collectively, ""Equity Securities"") in any new round of financing, then COMPANY shall offer JHU and/or its Assignee (as defined below) an opportunity to purchase either: (i) up to that portion of the Equity Securities that equals JHU's then current, fully-diluted percentage ownership interest in COMPANY, or (ii) if the percentage offered for sale by COMPANY is less, then up to five percent (5%) of the Equity Securities offered for sale. Such offer to purchase shall be on the same terms and conditions as are offered with respect to such Equity Securities sold in such financing. For purposes of this section 7 of Exhibit A, the term ""Assignee"" means: (a) any entity to which JHU's preemptive rights have been assigned either by JHU or by another entity, or (b) any entity that is controlled by JHU.",Revenue/Profit Sharing,Rofr/Rofo/Rofn,0.9744287729263306
VirtuosoSurgicalInc_20191227_1-A_EX1A-6 MAT CTRCT_11933379_EX1A-6 MAT CTRCT_License Agreement,"uch fee shall be paid after only the first to occur of either a Liquidation Event or an Initial Public Offering. The respective fees, when and if payable, shall be paid upon closing; except that if there are additional contingent amounts (""Trailing Consideration"") payable upon the occurrence of subsequent events, then the Trailing Consideration shall be due and payable to JHU within thirty (30) days after receipt thereof by COMPANY.",Change Of Control,Liquidated Damages,0.4599216878414154
LIMEENERGYCO_09_09_1999-EX-10-DISTRIBUTOR AGREEMENT,"Company agrees that Distributor shall not be liable or subject to reevaluation for failure to meet expectations due to any occurrence beyond Distributor's reasonable control, including, but not limited to, Acts of God, fires, floods, wars, sabotage, accidents in shipping, labor disturbances,",Other,Cap On Liability,0.9796992540359497
MSCIINC_02_28_2008-EX-10.10-,"(c) ""MS Licensed Materials"" means collectively, to the extent owned by a member of the MS Provider Group, any hardware settings and configurations, generic software libraries and routines, and generic document templates not separately commercialized by the MS Provider Group (as defined below) and used by MSCI prior to the Trigger Date. For the avoidance of doubt, the MS Licensed Materials does not include (i) any patent, trademark or service mark of the MS Provider Group, or (ii) any infrastructure hardware or software (e.g., monitoring software and systems, customized operating systems (and components such as AFS, DNS, AD, etc.), and middleware). For the avoidance of doubt, the document templates do not include any references to members of the MS Provider Group or its personnel.",Other,License Grant,0.4587181508541107
MSCIINC_02_28_2008-EX-10.10-,This Agreement is not intended to confer upon any person or entity other than the parties hereto any rights or remedies hereunder. 6.6 Amendments and Waiver.,Other,Third Party Beneficiary,0.5469266772270203
PacificapEntertainmentHoldingsInc_20051115_8-KA_EX-1.01_4300894_EX-1.01_Content License Agreement,PACIFICAP ENTERTAINMENT Agreement with THE HENRY FILM AND ENTERTAINMENT CORPORATION CONFIDENTIAL Page 6 of 6,Other,Document Name,0.9694650769233704
"BABCOCK_WILCOXENTERPRISES,INC_08_04_2015-EX-10.17-INTELLECTUAL PROPERTY AGREEMENT between THE BABCOCK _ WILCOX COMPANY and BABCOCK _ WILCOX ENTERPRISES, INC.","(a) RemainCo agrees and acknowledges that (i) as of Distribution Date, as between the RemainCo Group and the SpinCo Group, all right, title and interest in and to the Trademarks set forth on Schedule 3.1 (the ""SpinCo Trademarks""), including the SpinCo House Marks, shall be the sole and exclusive property of the SpinCo Group and (ii) except as otherwise provided in Section 3.2, the RemainCo Group shall cease and discontinue all use of the SpinCo Marks, including the SpinCo House Marks, as of the Distribution Date. In addition, RemainCo agrees to use its best efforts to change its name to eliminate Babcock & Wilcox therefrom, and, if applicable, to cause the members of the RemainCo Group to change their names to eliminate ""Babcock,"" ""Wilcox,"" ""Babcock and Wilcox,"" ""Babcock & Wilcox"" or ""B&W"" therefrom and to cease and discontinue the use of the term ""Babcock & Wilcox"" or ""B&W"" and any of the 8",Other,Ip Ownership Assignment,0.5102798342704773
"TRANSPHORM,INC_02_14_2020-EX-10.12(1)-JOINT VENTURE AGREEMENT",Parties. The seat of the arbitration shall be Hong Kong. The arbitration shall be conducted in the English language.,Other,Governing Law,0.9775991439819336
"ASHWORTHINC_01_29_1999-EX-10.(D)-PROMOTION AGREEMENT AND NANTZ COMMUNICATIONS, INC.","From and after the termination of the Term all of the rights of the Company to the use of the Endorsement shall cease absolutely and the Company shall not thereafter use or refer to the Endorsement in advertising or promotion in any manner whatsoever. The Company shall not advertise, promote, distribute or sell any item whatsoever in connection with the use of any name, figure, design, logo, trademark or trade name confusingly similar to or suggestive of the Endorsement following the termination of the Term.",Other,Post-Termination Services,0.986634373664856
BIOAMBERINC_04_10_2013-EX-10.34-DEVELOPMENT AGREEMENT - First Amendment,"Nothing in these amendments will reduce Bioamber's obligations to replace MCC-17 and Bioamber's current E. coli strain with CB1 in all the existing and future succinic acid production facilities of Bioamber and Bioamber licensees, according to the provisions of Section 5.9 of the Commercial License. * Confidential treatment requested",Other,Competitive Restriction Exception,0.5913370251655579
"FOUNDATIONMEDICINE,INC_02_02_2015-EX-10.2-Collaboration Agreement","If the Parties chose to develop an Immunotherapy CDx Assay, they the Parties shall agree to Roche paying certain costs and milestones for such Immunotherapy CDx assay.",Other,Rofr/Rofo/Rofn,0.6783397197723389
"CURAEGISTECHNOLOGIES,INC_05_26_2010-EX-1-CORPORATE SPONSORSHIP AGREEMENT","owner regarding that symbol or trademark; and (ii) take all reasonable steps to protect it, including, when appropriate, using the symbols ""®"" or ""™"". The rights granted under this Section 6 cease upon the expiration or termination of this Agreement.",Other,Ip Ownership Assignment,0.8459081649780273
MOSSIMOINC_04_14_2000-EX-10.14-ENDORSEMENT AGREEMENT,One-half of the Annual Fee will be due on or before January 1 and July 1 of each Contract Year.,Other,Minimum Commitment,0.4716167151927948
"IOVANCEBIOTHERAPEUTICS,INC_08_03_2017-EX-10.1-STRATEGIC ALLIANCE AGREEMENT",Payment (% of the Individual Study Budget) to be provided in connection with such Study Order* Enrollment of [* * *]% of the target patient enrollment as set forth in the applicable Protocol [* * *]%,Other,Minimum Commitment,0.9802762269973755
"IOVANCEBIOTHERAPEUTICS,INC_08_03_2017-EX-10.1-STRATEGIC ALLIANCE AGREEMENT",Enrollment of [* * *]% of the target patient enrollment as set forth in the applicable Protocol [* * *]%,Other,Minimum Commitment,0.9875259399414062
BizzingoInc_20120322_8-K_EX-10.17_7504499_EX-10.17_Endorsement Agreement,"Upon termination of this Agreement as provided in this Section 10 (each a ""Termination Date"") or upon the expiration of the Term, Bizzingo shall cease using the Property in any way, and Theismann shall not be entitled to the Royalty, in each case from and after the Termination Date. 11. RELATIONSHIP OF THE PARTIES. Theismann's performance of services for Bizzingo hereunder is in his or her capacity as an independent contractor. Accordingly, nothing contained in this Agreement shall be construed as establishing an employer/employee, a partnership, or a joint venture relationship between Theismann and Bizzingo.",Other,Post-Termination Services,0.9756134152412415
IMAGEWARESYSTEMSINC_12_20_1999-EX-10.22-MAINTENANCE AGREEMENT,"XIMAGE MAKES NO WARRANTY OF ANY KIND, WHETHER EXPRESS OR IMPLIED (INCLUDING WARRANTIES OR MERCHANTABILITY OR FITNESS FOR A PARTICULAR PURPOSE) WITH RESPECT TO THE SERVICES, SOFTWARE OR DOCUMENTS PROVIDED (OR TO BE PROVIDED) HEREUNDER.",Other,Warranty Duration,0.8634294271469116
